id,nombre,nombre_en,descripcion,tipo,sector,subsector,nivel_medicion,enfoque,unidad,formula,metodo_recoleccion,instrumento_sugerido,frecuencia,momento_medicion,tipo_linea_base,diseno_comparacion,desagregacion_recomendada,ods_meta,fuente_referencia,codigo_iris,valor_referencia,ejemplo_programa,limitaciones,idioma
S001,Número de personas atendidas en consulta de salud,Number of people receiving health consultations,Cuenta el total de personas que recibieron al menos una consulta médica o de salud en el período. Refleja el alcance directo de las actividades de atención primaria.,producto,Salud,Atención primaria,individual,cuantitativo,n,Σ atenciones médicas registradas en el período,registro_administrativo,Sistema de información en salud (HIS) / planilla de registro,mensual,seguimiento,no_aplica,historico,"sexo, edad, zona (urbano/rural), tipo de afiliación, diagnóstico",ODS 3.8,"OPS/PAHO, MINSALUD Colombia",PI6743,,Programa de salud comunitaria — Hogares Saludables Argos,No distingue entre primera vez y controles; puede haber subregistro en zonas rurales.,ES
S002,Número de jornadas de salud realizadas,Number of health outreach sessions conducted,"Total de jornadas, brigadas o ferias de salud llevadas a cabo en el período. Mide la intensidad de la oferta de servicios en territorio.",producto,Salud,Promoción y prevención,comunidad,cuantitativo,n,Σ eventos de salud organizados en el período,registro_administrativo,Bitácora de actividades / informe de campo,mensual,seguimiento,no_aplica,historico,"municipio, tipo de servicio ofrecido, número de asistentes",ODS 3.8,Ministerio de Salud Colombia,,,Plan de Intervenciones Colectivas (PIC) — Secretarías de Salud,No indica calidad de la atención ni si las personas recibieron seguimiento posterior.,ES
S003,Número de profesionales de salud capacitados,Number of health workers trained,"Total de trabajadores de salud (médicos, enfermeras, agentes comunitarios) que completaron al menos una capacitación en el período. Proxy de fortalecimiento de capacidades del sistema.",producto,Salud,Fortalecimiento del sistema,individual,cuantitativo,n,Σ trabajadores de salud que completaron ≥1 módulo de capacitación,registro_administrativo,Lista de asistencia + certificado de participación,semestral,seguimiento,no_aplica,historico,"tipo de profesional, institución, tema de capacitación",ODS 3.c,"OMS, OPS",PI2354,,Fortalecimiento ATAJOS Colombia — BID,Capacitación no garantiza cambio de práctica; requiere complemento con observación de desempeño.,ES
S004,Número de kits de salud o insumos médicos distribuidos,Number of health kits / medical supplies distributed,"Cantidad de kits de salud, medicamentos o insumos médicos entregados en el período. Mide la provisión directa de recursos materiales.",producto,Salud,Atención primaria,hogar,cuantitativo,n,Σ kits/insumos entregados,registro_administrativo,Planilla de entrega con firma del receptor,por_evento,seguimiento,no_aplica,sin_comparacion,"tipo de kit, municipio, sexo del receptor",ODS 3.8,"UNICEF, Cruz Roja",,,Respuesta humanitaria — CICR,No informa sobre uso o impacto real del kit; posible desperdicio o duplicidad.,ES
S005,Número de visitas domiciliarias de salud realizadas,Number of household health visits conducted,"Total de visitas al hogar realizadas por agentes de salud comunitaria para seguimiento, prevención o referenciación. Clave en programas de salud preventiva basados en comunidad.",producto,Salud,Salud comunitaria,hogar,cuantitativo,n,Σ visitas domiciliarias registradas,registro_administrativo,Ficha de visita domiciliaria,mensual,seguimiento,no_aplica,historico,"tipo de visita (primera vez / seguimiento), diagnóstico del hogar, zona",ODS 3.8,"OPS, Ministerio de Salud Colombia",PI6743,,Estrategia APS Colombia — Agentes Comunitarios de Salud,Calidad de la visita depende de capacitación del agente; riesgo de subregistro.,ES
S006,Porcentaje de niños con esquema de vacunación completo según edad,Percentage of children with age-appropriate complete vaccination,Proporción de niños en el grupo de edad objetivo que tienen todas las vacunas del Programa Ampliado de Inmunizaciones (PAI) al día. Indicador clave de cobertura en salud infantil.,resultado,Salud,Salud infantil,individual,cuantitativo,%,(Niños con vacunación completa / Total niños en grupo de edad) × 100,registro_administrativo,Carné de vacunación + registros PAIWEB / SISVAC,anual,todos,cuantitativa,pre_post,"grupo de edad (0–11m, 12–23m, 24–59m), municipio, zona, tipo de vacuna",ODS 3.2,"OMS, OPS, MSPS Colombia",OD3949,Meta nacional Colombia ≥95% esquema completo,"PAI Colombia, EPI-UNICEF",El registro del carné puede no reflejar vacunación real; diferencias entre área urbana y rural.,ES
S007,Porcentaje de gestantes con controles prenatales completos,Percentage of pregnant women with adequate prenatal care,"Proporción de mujeres gestantes que asistieron al número mínimo de controles prenatales recomendados (≥4 en OMS, ≥8 en revisión 2016). Indicador de acceso a salud materna.",resultado,Salud,Salud materna,individual,cuantitativo,%,(Gestantes con ≥4 controles prenatales / Total gestantes en el período) × 100,registro_administrativo,Historia clínica perinatal / carné materno / RUAF,semestral,todos,cuantitativa,pre_post,"edad de la gestante, zona, tipo de afiliación, municipio",ODS 3.1,"OMS, OPS, MSPS Colombia",OD5132,Meta OMS: ≥80% con ≥4 controles; Colombia: 80–85%,Programa de salud materna — Secretarías de Salud Departamentales,Cantidad de controles no garantiza calidad; sesgo de cobertura en zonas rurales dispersas.,ES
S008,Porcentaje de personas con hipertensión en control adecuado,Percentage of hypertensive patients with controlled blood pressure,"Proporción de pacientes diagnosticados con hipertensión arterial que mantienen presión arterial dentro de rangos controlados (PAS<140, PAD<90 mmHg en última consulta). Indicador de adherencia y efectividad.",resultado,Salud,Enfermedades crónicas no transmisibles,individual,cuantitativo,%,(HTA con PA controlada / Total pacientes HTA registrados) × 100,registro_administrativo,Historia clínica / registros del programa de crónicos,semestral,todos,cuantitativa,pre_post,"sexo, grupo etario, zona, tipo de afiliación",ODS 3.4,"OPS HEARTS, MINSALUD Colombia",OD5140,Meta OPS HEARTS: ≥50% de pacientes HTA controlados,Programa HEARTS Colombia — OPS/MINSALUD,Requiere datos clínicos; un solo registro puede no reflejar control sostenido.,ES
S009,Tasa de mortalidad materna (por 100.000 nacidos vivos),"Maternal mortality ratio (per 100,000 live births)","Número de muertes maternas (durante el embarazo, parto o puerperio hasta 42 días) por cada 100.000 nacidos vivos. Indicador de impacto sobre la salud de la mujer y la calidad del sistema de salud.",impacto,Salud,Salud materna,sistema,cuantitativo,tasa,(Muertes maternas / Nacidos vivos) × 100.000,datos_secundarios,DANE / RUAF / Estadísticas Vitales,anual,impacto,cuantitativa,historico,"municipio, departamento, causa de muerte, edad materna",ODS 3.1,"OMS, DANE, MSPS Colombia",OD5134,Meta ODS: <70 por 100.000 NV; Colombia 2022: ~53,Evaluación de impacto de programas de salud materna — Banco Mundial,Subregistro importante en zonas rurales y remotas; requiere sistemas robustos de estadísticas vitales.,ES
S010,Tasa de mortalidad infantil (por 1.000 nacidos vivos),"Infant mortality rate (per 1,000 live births)",Número de defunciones de menores de 1 año por cada 1.000 nacidos vivos en el mismo período. Indicador de impacto sobre salud infantil y desarrollo del sistema de salud.,impacto,Salud,Salud infantil,sistema,cuantitativo,tasa,(Muertes <1 año / Nacidos vivos) × 1.000,datos_secundarios,DANE / RUAF,anual,impacto,cuantitativa,historico,"sexo, municipio, causa de muerte, etnia",ODS 3.2,"OMS, UNICEF, DANE",OD3944,Meta ODS: ≤12 por 1.000 NV; Colombia 2022: ~12–13,Evaluaciones de impacto APS – OPS/PAHO,Sensible a calidad del registro de nacimientos y defunciones; rezago de publicación DANE ~2 años.,ES
S011,Prevalencia de desnutrición crónica en menores de 5 años (%),Prevalence of chronic malnutrition (stunting) in children under 5,Proporción de niños menores de 5 años con talla baja para la edad (< -2 DE de la mediana OMS). Mide el impacto acumulativo de la inseguridad alimentaria y deficiencias en salud y cuidado.,impacto,Salud,Nutrición,individual,cuantitativo,%,(Niños <5 años con talla/edad < -2 DE / Total niños <5 años medidos) × 100,observacion_directa,Tallímetro + tablas de crecimiento OMS + SISVAN,anual,todos,cuantitativa,pre_post,"sexo, edad en meses, zona, etnia, quintil de riqueza",ODS 2.2,"OMS, ENSIN Colombia, UNICEF",OD3945,Colombia 2015: 10.8%; Meta ODS 2030: <5%,Estrategia de Atención Integral a la Primera Infancia — De Cero a Siempre,Requiere medición antropométrica estandarizada; la encuesta nacional (ENSIN) es cada 5–7 años.,ES
S012,Porcentaje de personas que reportan conocimiento sobre signos de alarma de su condición,Percentage of people reporting knowledge of warning signs,Proporción de personas con una condición crónica o en riesgo que pueden identificar correctamente los signos de alarma. Indicador de resultado en programas de educación en salud.,resultado,Salud,Educación en salud,individual,cuantitativo,%,(Personas que identifican ≥3 signos de alarma correctamente / Total encuestados) × 100,encuesta_autorreporte,Encuesta de conocimientos (prueba pre-post),semestral,todos,cuantitativa,pre_post,"sexo, condición (HTA, diabetes, embarazo), zona",ODS 3.4,"OMS, MINSALUD Colombia",,,Programa de salud comunitaria — Hogares Saludables,El conocimiento declarado puede no traducirse en comportamiento; riesgo de sesgo de deseabilidad social.,ES
S013,Porcentaje de hogares con prácticas de higiene adecuadas (lavado de manos),Percentage of households with adequate handwashing practices,Proporción de hogares donde el observador o encuestado confirma que existe el hábito de lavado de manos con jabón en los 5 momentos críticos. Indicador de resultado en higiene y saneamiento.,resultado,Salud,"Agua, saneamiento e higiene (WASH)",hogar,mixto,%,(Hogares con práctica confirmada de lavado de manos con jabón / Total hogares observados) × 100,observacion_directa,Ficha de observación del hogar (WASH) / encuesta de prácticas,semestral,todos,mixta,pre_post,"zona, tipo de abastecimiento de agua, nivel educativo del jefe de hogar",ODS 6.2,"UNICEF WASH, OPS",OD7892,,Programa WASH comunitario — Hogares Saludables,La observación directa puede modificar el comportamiento (efecto Hawthorne); el autoreporte sobreestima la práctica.,ES
S014,Porcentaje de personas con adherencia al tratamiento farmacológico,Percentage of patients adherent to pharmacological treatment,Proporción de pacientes que toman ≥80% de las dosis prescritas de su medicamento en el período. Indicador de resultado clave en manejo de enfermedades crónicas.,resultado,Salud,Enfermedades crónicas no transmisibles,individual,cuantitativo,%,(Pacientes con PDC≥80% / Total pacientes en tratamiento) × 100  [PDC = Proportion of Days Covered],registro_administrativo,Datos de dispensación farmacéutica / test de Morisky-Green,semestral,seguimiento,cuantitativa,pre_post,"tipo de medicamento, condición, sexo, grupo etario",ODS 3.4,"OPS, MINSALUD Colombia",,Adherencia óptima: ≥80% PDC; promedio HTA: 50–60%,Programa de crónicos — ACEMI Colombia,"PDC es proxy; no mide si el paciente tomó correctamente (hora, dosis). Test Morisky tiene sesgo de autoreporte.",ES
S015,Porcentaje de personas que reportan mejora en calidad de vida relacionada con salud (SF-12 / SF-36),Percentage reporting improvement in health-related quality of life,Proporción de participantes que muestran aumento significativo en el puntaje SF-12 o SF-36 entre la línea de base y el seguimiento. Indicador compuesto de resultado-impacto en programas de salud.,impacto,Salud,Calidad de vida,individual,cuantitativo,%,(Personas con ΔSCORE ≥ MCID / Total participantes evaluados) × 100 [MCID SF-12: ~3 puntos],encuesta_autorreporte,Cuestionario SF-12 / SF-36 (validado en español),semestral,todos,cuantitativa,pre_post,"sexo, grupo etario, condición crónica, componente físico vs. mental",ODS 3.4,Ware & Sherbourne (1992); ICONTEC Colombia,OD5141,,Evaluaciones de programas crónicos — EPS Colombia,Instrumento largo (SF-36); requiere capacidad de lectura. SF-12 es más corto pero menos sensible.,ES
S016,Puntaje promedio de bienestar subjetivo (escala 0–10),Average subjective wellbeing score (0–10 scale),"Puntaje promedio en la pregunta 'En general, ¿cuán satisfecho está con su vida en este momento?' (Cantril Ladder). Indicador WELLBY de referencia para valoración monetaria del bienestar.",impacto,Salud,Salud mental y bienestar,individual,cuantitativo,puntaje,Σ puntajes / n participantes,encuesta_autorreporte,Cantril Self-Anchoring Scale (pregunta única Cantril Ladder),semestral,todos,cuantitativa,pre_post,"sexo, grupo etario, zona, condición socioeconómica",ODS 3.4,"Diener et al., OECD Guidelines on Measuring Subjective Wellbeing",OD5142,Referencia Colombia: ~6.5–7.0; UK: ~7.5,WELLBY analysis — Social Value UK,"Escala captura evaluación cognitiva de la vida, no emociones momentáneas. Requiere traducción cultural.",ES
S017,Porcentaje de personas con acceso efectivo a servicios de salud mental,Percentage with effective access to mental health services,Proporción de personas con trastorno mental identificado que recibieron al menos una intervención terapéutica en el período. Indicador de cobertura de salud mental.,resultado,Salud,Salud mental,individual,cuantitativo,%,(Personas con TMC que reciben atención / Total personas con TMC identificado) × 100,registro_administrativo,Historia clínica / registro del programa,anual,todos,cuantitativa,historico,"tipo de trastorno, sexo, grupo etario, tipo de servicio (ambulatorio/hospitalario)",ODS 3.4,"OMS mhGAP, MSPS Colombia",,Brecha de tratamiento en Colombia: ~75–80% sin atención,Programa de salud mental comunitaria — OPS/MSPS,Definición de 'acceso efectivo' varía; el subdiagnóstico sesga el denominador.,ES
S018,Puntuación en escala PHQ-9 (depresión) pre-post intervención,PHQ-9 depression score pre-post intervention,Cambio en el puntaje del Patient Health Questionnaire-9 entre la evaluación inicial y el seguimiento. Mide la reducción de síntomas depresivos como resultado de la intervención.,resultado,Salud,Salud mental,individual,cuantitativo,puntaje,ΔPHQ-9 = Puntaje inicial − Puntaje final (reducción positiva = mejora),encuesta_autorreporte,PHQ-9 (validado en español colombiano),semestral,todos,cuantitativa,pre_post,"sexo, grupo etario, severidad inicial, tipo de intervención",ODS 3.4,Kroenke et al. (2001); Diez-Quevedo et al. (2001) validación ES,,Cambio mínimo clínicamente significativo (MCID): ΔPHQ-9 ≥5 puntos; remisión: PHQ-9 <5,"Programas de salud mental — Cruz Roja, MSF",PHQ-9 es autoaplicado; requiere alfabetismo y puede tener sesgo de deseabilidad social.,ES
S019,Percepción de calidad de la atención en salud recibida (escala 1–5),Perceived quality of health services received,"Valoración subjetiva del usuario sobre la calidad de la atención recibida, incluyendo trato del personal, tiempo de espera, claridad de la información y adecuación cultural. Captura dimensiones no medidas por indicadores clínicos.",resultado,Salud,Atención primaria,individual,cualitativo,puntaje,Escala Likert 1 (muy mala) a 5 (excelente); reportar media y distribución de respuestas,encuesta_autorreporte,Encuesta de satisfacción de usuarios (SERVQUAL adaptado para salud),semestral,seguimiento,cuantitativa,pre_post,"sexo, tipo de servicio, zona, pertenencia étnica",ODS 3.8,"OPS, MSPS Colombia",,,Encuestas de satisfacción — EPS Colombia,Sesgo de cortesía (especialmente en entornos comunitarios); no captura aspectos técnicos de la atención.,ES
S020,Narrativas sobre cambios en comportamientos de salud (análisis cualitativo),Narratives on changes in health behaviours (qualitative analysis),"Testimonios y relatos de participantes sobre cambios percibidos en sus hábitos de salud (alimentación, ejercicio, consulta oportuna, etc.) como resultado de la intervención. Complementa indicadores cuantitativos con profundidad contextual.",resultado,Salud,Promoción de la salud,individual,cualitativo,n/a,Análisis temático de entrevistas/grupos focales; codificación por tipo de cambio,entrevista,Guía de entrevista semiestructurada / grupo focal (8–10 personas),semestral,evaluacion_final,cualitativa,participativo,"sexo, grupo etario, perfil de riesgo",ODS 3.4,Método Most Significant Change (MSC); Earl et al. (2001),,,"Evaluaciones cualitativas — Hogares Saludables, UNICEF",No permite generalización estadística; requiere analistas con experiencia en análisis cualitativo; puede haber sesgo de selección en quienes participan.,ES
E001,Número de estudiantes matriculados en el programa,Number of students enrolled in the programme,Total de estudiantes que se registraron formalmente en el programa educativo en el período. Indicador base de alcance y cobertura.,producto,Educación,Educación básica y media,individual,cuantitativo,n,Σ estudiantes con matrícula activa al inicio del período,registro_administrativo,Sistema de información estudiantil (SIMAT en Colombia),anual,seguimiento,no_aplica,historico,"sexo, grado, zona, etnia, condición de discapacidad",ODS 4.1,"MEN Colombia, UNESCO",PI2345,,Matrícula SIMAT — Ministerio de Educación Colombia,Matrícula no equivale a asistencia real ni aprendizaje; puede haber inflación de cifras.,ES
E002,Número de docentes capacitados en el programa,Number of teachers trained in the programme,Total de docentes que completaron al menos una capacitación o proceso de formación continua en el período. Proxy de fortalecimiento de capacidades pedagógicas.,producto,Educación,Formación docente,individual,cuantitativo,n,Σ docentes que completaron ≥1 módulo de formación,registro_administrativo,Lista de asistencia + certificado de participación,semestral,seguimiento,no_aplica,historico,"sexo, nivel educativo, asignatura, zona",ODS 4.c,"MEN Colombia, UNESCO",PI2354,,Programa de Formación Docente — Escuela Nueva Colombia,Formación no garantiza cambio pedagógico en el aula; requiere seguimiento posterior.,ES
E003,Número de materiales educativos producidos o distribuidos,Number of educational materials produced or distributed,"Total de materiales didácticos, libros, guías o recursos digitales producidos o entregados a estudiantes y docentes en el período.",producto,Educación,Recursos pedagógicos,comunidad,cuantitativo,n,Σ unidades de materiales producidas/distribuidas,registro_administrativo,Inventario de materiales + acta de entrega,anual,seguimiento,no_aplica,sin_comparacion,"tipo de material, nivel educativo, zona, idioma",ODS 4.1,"MEN Colombia, UNICEF",,,Programa Todos a Aprender — MEN Colombia,La distribución no garantiza uso efectivo; materiales pueden no ser pertinentes culturalmente.,ES
E004,Número de instituciones educativas intervenidas,Number of educational institutions receiving intervention,"Total de escuelas, colegios o centros educativos que participaron activamente en el programa durante el período.",producto,Educación,Educación básica y media,comunidad,cuantitativo,n,Σ IEDs con al menos una actividad del programa en el período,registro_administrativo,Registro de instituciones participantes,anual,seguimiento,no_aplica,historico,"nivel educativo, zona, tipo de institución (oficial/privada)",ODS 4.1,MEN Colombia,,,Colombia Aprende — MEN,No refleja profundidad ni calidad de la intervención por institución.,ES
E005,Tasa de asistencia escolar (%),School attendance rate (%),Porcentaje de días escolares en que los estudiantes inscritos asistieron efectivamente a clase. Indicador de retención y compromiso con el proceso educativo.,resultado,Educación,Educación básica y media,individual,cuantitativo,%,(Días de asistencia efectiva / Días escolares posibles) × 100,registro_administrativo,Registro de asistencia escolar / SIMAT,mensual,seguimiento,cuantitativa,pre_post,"sexo, grado, zona, etnia, condición socioeconómica",ODS 4.1,"MEN Colombia, UNESCO",OD3942,Meta Colombia: ≥90% asistencia,Programa de Alimentación Escolar (PAE) Colombia,No refleja calidad del aprendizaje; el registro puede tener errores o manipulación.,ES
E006,Tasa de deserción escolar (%),School dropout rate (%),Porcentaje de estudiantes que abandonaron el sistema educativo durante el período sin completar el grado o nivel. Indicador de resultado negativo clave en programas de retención escolar.,resultado,Educación,Educación básica y media,individual,cuantitativo,%,(Estudiantes que abandonaron / Estudiantes matriculados al inicio) × 100,registro_administrativo,SIMAT / registros de la institución educativa,anual,seguimiento,cuantitativa,pre_post,"sexo, grado, zona, causa de deserción, etnia",ODS 4.1,"MEN Colombia, UNESCO",OD3943,Meta Colombia: <3% deserción intra-anual,Programa Niños y Niñas del Futuro — Caldas,La tasa no captura causas de la deserción; diferencia entre deserción intra-anual e inter-anual.,ES
E007,Puntaje promedio en prueba de comprensión lectora,Average score on reading comprehension assessment,Puntuación media en una evaluación estandarizada de comprensión lectora aplicada a los estudiantes. Indicador de resultado sobre aprendizaje efectivo en alfabetización.,resultado,Educación,Alfabetización y lectura,individual,cuantitativo,puntaje,Σ puntajes / n estudiantes evaluados,observacion_directa,"Prueba Saber (Colombia), EGRA (Early Grade Reading Assessment), ASER",anual,todos,cuantitativa,pre_post,"grado, sexo, zona, nivel socioeconómico",ODS 4.1,"ICFES Colombia, UNESCO / LLECE",OD3941,,Leer es mi Cuento — MEN Colombia; Room to Read,Pruebas estandarizadas pueden no capturar el contexto cultural; el puntaje depende de la calidad del instrumento.,ES
E008,Puntaje promedio en prueba de competencias matemáticas,Average score on mathematics assessment,Puntuación media en evaluación estandarizada de matemáticas. Indicador complementario de resultado en aprendizaje.,resultado,Educación,Matemáticas y STEM,individual,cuantitativo,puntaje,Σ puntajes / n estudiantes evaluados,observacion_directa,Prueba Saber / EGMA / TIMSS,anual,todos,cuantitativa,pre_post,"grado, sexo, zona, nivel socioeconómico",ODS 4.1,"ICFES Colombia, UNESCO / LLECE",,,Programa Todos a Aprender — MEN Colombia,Similar a comprensión lectora; adicional: matemáticas tiene mayor varianza por calidad docente.,ES
E009,Porcentaje de estudiantes que alcanzan el nivel mínimo de competencia (NMC),Percentage of students reaching minimum proficiency level,Proporción de estudiantes que obtienen el nivel mínimo de competencia en lectura y/o matemáticas según el estándar de evaluación ODS 4. Indicador de referencia de la agenda educativa global.,resultado,Educación,Calidad educativa,individual,cuantitativo,%,(Estudiantes en nivel ≥2 PISA o nivel satisfactorio Saber / Total estudiantes) × 100,observacion_directa,Prueba Saber / PISA / TERCE / ERCE,anual,todos,cuantitativa,pre_post,"grado, sexo, zona, etnia, quintil socioeconómico",ODS 4.1,"UNESCO, ICFES Colombia",OD3941,"Colombia: ~50% en NMC lectura, ~35% en NMC matemáticas (ERCE 2019)",ODS 4 — Seguimiento SDG4 Education 2030,El NMC varía según el instrumento utilizado; comparaciones entre países requieren cuidado.,ES
E010,Tasa de transición de primaria a secundaria (%),Primary to secondary transition rate (%),"Porcentaje de estudiantes que, habiendo completado la educación primaria, se matriculan en educación secundaria. Indicador de resultado sobre continuidad educativa.",resultado,Educación,Transiciones educativas,individual,cuantitativo,%,(Matriculados en 6° grado / Graduados de 5° grado en año anterior) × 100,datos_secundarios,SIMAT / estadísticas MEN,anual,seguimiento,cuantitativa,historico,"sexo, zona, departamento",ODS 4.1,"MEN Colombia, UNESCO",,Colombia: ~85% transición primaria-secundaria,Gratuidad educativa — MEN Colombia,La cifra puede verse afectada por cambios en la definición de grados o sistemas de registro.,ES
E011,Porcentaje de niños de 3–5 años en programas de educación inicial,Percentage of 3–5 year-olds in early childhood education,"Tasa de participación en educación inicial (jardín infantil, CDI, hogares comunitarios ICBF) en el grupo de 3–5 años. Indicador de cobertura en primera infancia.",resultado,Educación,Primera infancia,individual,cuantitativo,%,(Niños 3–5 años en programas de educación inicial / Total niños 3–5 años en zona) × 100,datos_secundarios,SIMAT / ICBF / SISPRO,anual,todos,cuantitativa,historico,"sexo, zona, etnia, nivel socioeconómico",ODS 4.2,"ICBF, MEN Colombia, UNICEF",OD3946,Colombia: ~65–70% cobertura 3–5 años,De Cero a Siempre — Colombia,Cobertura no implica calidad; varía mucho entre zonas rurales y urbanas.,ES
E012,Tasa de analfabetismo funcional en adultos (%),Adult functional illiteracy rate (%),Proporción de personas de 15 años o más que no pueden leer ni escribir un enunciado corto de la vida cotidiana con comprensión básica. Indicador de impacto sobre el capital humano de la población.,impacto,Educación,Alfabetización adultos,sistema,cuantitativo,%,(Personas ≥15 años analfabetas / Total personas ≥15 años) × 100,datos_secundarios,GEIH-DANE / ELPS / Censo de Población,anual,impacto,cuantitativa,historico,"sexo, grupo etario, zona, etnia, departamento",ODS 4.6,"DANE Colombia, UNESCO",OD3948,Colombia: ~5.5% analfabetismo (DANE 2020),Colombia Libre de Analfabetismo — MEN,DANE usa criterio de declaración propia; subestima el analfabetismo funcional real.,ES
E013,Años promedio de escolaridad de la población adulta,Average years of schooling of adult population,Número promedio de años de educación formal completados por personas de 25 años o más. Indicador de capital humano y resultado de largo plazo del sistema educativo.,impacto,Educación,Capital humano,sistema,cuantitativo,años,Σ años de escolaridad / n personas ≥25 años,datos_secundarios,GEIH-DANE / Censo de Población,anual,impacto,cuantitativa,historico,"sexo, zona, etnia, departamento, quintil de ingresos",ODS 4.3,"DANE Colombia, UNDP HDI",,Colombia: ~9.5 años (2022); promedio OCDE: ~12 años,Índice de Desarrollo Humano — PNUD,Indicador lento; cambios tardan décadas en reflejarse.,ES
E014,Porcentaje de personas con educación superior completa (25–34 años),Percentage of 25–34 year olds with tertiary education,"Proporción de jóvenes adultos (25–34) que han completado al menos un título técnico, tecnológico o universitario. Indicador de impacto sobre el nivel educativo de la generación más reciente.",impacto,Educación,Educación superior,sistema,cuantitativo,%,(Personas 25–34 con educación superior completa / Total personas 25–34) × 100,datos_secundarios,GEIH-DANE / ELPS / Estadísticas MEN-SNIES,anual,impacto,cuantitativa,historico,"sexo, zona, etnia, departamento, área del conocimiento",ODS 4.3,"DANE, MEN-SNIES, OCDE",,Colombia: ~28% (2022); OCDE promedio: ~45%,Ser Pilo Paga / Generación E — MEN Colombia,No captura calidad de la educación recibida ni pertinencia del título.,ES
E015,Percepción de los docentes sobre cambios en motivación y participación estudiantil,Teacher perception of changes in student motivation and participation,"Valoración cualitativa de los docentes sobre cambios observados en la motivación, participación activa y actitudes de aprendizaje de los estudiantes durante y después del programa. Captura cambios que las pruebas estandarizadas no miden.",resultado,Educación,Clima escolar,individual,cualitativo,n/a,Análisis temático de entrevistas / grupos focales con docentes; categorías: más/igual/menos motivación,grupo_focal,Guía de grupo focal docente (8–12 participantes),semestral,evaluacion_final,cualitativa,participativo,"grado, asignatura, zona",ODS 4.1,Fullan (2001) — The New Meaning of Educational Change,,,Escuela Nueva Colombia — Evaluaciones cualitativas,Subjetividad del docente; posible sesgo de confirmación si el docente implementó el programa.,ES
E016,Porcentaje de estudiantes que declaran sentirse seguros en la escuela,Percentage of students reporting feeling safe at school,Proporción de estudiantes que afirman sentirse seguros (física y emocionalmente) en el entorno escolar. Indicador de resultado de clima escolar y bienestar educativo.,resultado,Educación,Clima escolar y bienestar,individual,cuantitativo,%,(Estudiantes que responden 'Siempre' o 'Casi siempre' a ítem de seguridad / Total encuestados) × 100,encuesta_autorreporte,Encuesta de Clima Escolar (ICFES / LLECE / UNESCO),anual,todos,cuantitativa,pre_post,"sexo, grado, zona, tipo de institución",ODS 4.a,"UNESCO ERCE, ICFES Colombia",,,Ambientes de Aprendizaje Escolar — UNESCO LLECE,Respuesta puede variar por temor a represalias; difícil capturar bullying encubierto.,ES
E017,Número de horas de formación técnica o vocacional completadas por estudiante,Hours of technical / vocational training completed per student,Promedio de horas de formación técnica o vocacional completadas por estudiante inscrito en el período. Indicador de producto de intensidad de la formación.,producto,Educación,Educación técnica y vocacional (EFTP),individual,cuantitativo,horas,Σ horas completadas / n estudiantes matriculados,registro_administrativo,Registro de asistencia y horas de instrucción,semestral,seguimiento,no_aplica,historico,"sexo, área de formación, zona, programa específico",ODS 4.3,"SENA Colombia, UNESCO-UNEVOC",PI2356,SENA: 600–1200 horas / programa técnico,Formación para el Trabajo — SENA Colombia,Las horas no garantizan competencia efectiva; depende de calidad pedagógica.,ES
E018,Porcentaje de egresados de formación técnica que se insertan laboralmente en 6 meses,Percentage of technical training graduates employed within 6 months,Proporción de graduados de formación técnica o vocacional que consiguen empleo formal o autoempleo dentro de los 6 meses posteriores a la graduación. Indicador de resultado de la pertinencia de la formación.,resultado,Educación,Educación técnica y vocacional (EFTP),individual,cuantitativo,%,(Egresados con empleo a los 6 meses / Total egresados encuestados) × 100,encuesta_autorreporte,Encuesta de seguimiento de egresados (post-6 meses),semestral,evaluacion_final,cuantitativa,historico,"sexo, área de formación, zona, tipo de empleo (formal/informal)",ODS 4.4,"SENA Colombia, OIT",OD3950,SENA Colombia: ~65–75% empleabilidad a 6 meses,Sistema de Seguimiento a Egresados SENA,El empleo puede no estar relacionado con la formación; diferencia entre empleo formal e informal.,ES
E019,Grado de desarrollo de competencias socioemocionales (escala validada),Socioemotional skills development (validated scale),"Puntaje en una escala validada de competencias socioemocionales (autoregulación, empatía, trabajo en equipo, resiliencia) al final del programa. Indicador de resultado en programas de educación integral.",resultado,Educación,Competencias socioemocionales,individual,mixto,puntaje,Puntaje compuesto en escala SEL (ej. DESSA / SEARS / Escala BAS-1/3),encuesta_autorreporte,"DESSA (Devereux Student Strengths Assessment), SEARS, o equivalente validado en ES",semestral,todos,cuantitativa,pre_post,"sexo, grado, zona, componente SEL (autoregulación, empatía, etc.)",ODS 4.7,CASEL Framework; Durlak et al. (2011),,,Aulas en Paz Colombia; Camino Seguro Guatemala,Escalas SEL tienen validez variable en diferentes contextos culturales; requieren adaptación.,ES
E020,Percepción de las familias sobre el progreso educativo de sus hijos (cualitativo),Family perception of children's educational progress (qualitative),"Relatos de padres y cuidadores sobre cambios percibidos en el aprendizaje, comportamiento y actitud hacia la escuela de sus hijos. Complementa la evidencia cuantitativa con perspectiva familiar.",resultado,Educación,Participación familiar,hogar,cualitativo,n/a,Análisis de contenido de entrevistas; categorías: mejora / sin cambio / desmejora,entrevista,Guía de entrevista semiestructurada para familias,semestral,evaluacion_final,cualitativa,participativo,"zona, nivel educativo del padre/madre, tipo de familia",ODS 4.1,Most Significant Change — Davies & Dart (2005),,,Evaluaciones comunitarias — Escuela Nueva Colombia,Las expectativas de las familias pueden estar sesgadas por el deseo de retribución al programa; limitada capacidad de generalizar.,ES
EMP001,Número de personas capacitadas para el empleo,Number of people trained for employment,"Total de personas que completaron al menos un proceso de formación para el trabajo (técnica, habilidades blandas, emprendimiento) en el período.",producto,Empleo e ingresos,Formación para el trabajo,individual,cuantitativo,n,Σ personas que completaron ≥1 módulo de formación laboral,registro_administrativo,Lista de participantes con fecha de graduación,trimestral,seguimiento,no_aplica,historico,"sexo, grupo etario, zona, tipo de formación, nivel educativo previo",ODS 8.6,"SENA Colombia, OIT",PI9456,,Jóvenes en Acción — SENA/DPS Colombia,Completar el curso no garantiza inserción laboral; puede haber deserción tardía.,ES
EMP002,Número de empresas sensibilizadas o articuladas con el programa,Number of employers engaged with the programme,"Total de empresas, empleadores o cooperativas que participaron en ferias, mesas de trabajo o convenios con el programa de empleo en el período.",producto,Empleo e ingresos,Articulación con el mercado laboral,sistema,cuantitativo,n,Σ empresas con ≥1 interacción formal con el programa,registro_administrativo,Base de datos de contactos empresariales,semestral,seguimiento,no_aplica,historico,"sector económico, tamaño empresa, zona",ODS 8.3,"OIT, SENA Colombia",,,Pacto por el Empleo — Ministerio de Trabajo Colombia,"La articulación no garantiza que las empresas contraten; es un proxy de actividad, no de resultado.",ES
EMP003,Número de intermediaciones laborales realizadas,Number of job placements facilitated,"Total de gestiones de intermediación laboral donde el programa conectó a un candidato con una oferta de empleo, independientemente del resultado final de contratación.",producto,Empleo e ingresos,Intermediación laboral,individual,cuantitativo,n,Σ procesos de intermediación iniciados en el período,registro_administrativo,Sistema de gestión de empleo (ej. SPE Colombia),mensual,seguimiento,no_aplica,historico,"sexo, grupo etario, zona, sector económico",ODS 8.5,"Ministerio de Trabajo Colombia, SPE",,,Servicio Público de Empleo (SPE) — Colombia,Una intermediación puede contar varias gestiones para la misma persona; riesgo de doble conteo.,ES
EMP004,Tasa de inserción laboral formal a 3 meses de graduados (%),Formal employment rate at 3 months post-graduation (%),Proporción de egresados del programa de formación que obtuvieron empleo formal (con contrato y afiliación a seguridad social) dentro de los 3 meses posteriores a la graduación.,resultado,Empleo e ingresos,Inserción laboral,individual,cuantitativo,%,(Egresados con empleo formal a 3 meses / Total egresados encuestados) × 100,encuesta_autorreporte,Encuesta de seguimiento de egresados (llamada/formulario a 3 meses),trimestral,evaluacion_final,cuantitativa,historico,"sexo, grupo etario, zona, área de formación, tipo de contrato",ODS 8.5,"SENA Colombia, OIT",OD5876,SENA Colombia: ~60–70% en empleo formal a 6 meses,Seguimiento SENA / Jóvenes en Acción Colombia,Diferencia entre empleo formal e informal; difícil atribuir el empleo solo al programa.,ES
EMP005,Ingreso mensual promedio de participantes post-intervención (COP),Average monthly income of participants post-intervention (local currency),"Ingreso laboral mensual promedio de los participantes, medido 6 meses después de graduarse. Indicador de resultado sobre mejora económica directa.",resultado,Empleo e ingresos,Ingresos y condiciones laborales,individual,cuantitativo,COP,Σ ingresos laborales mensuales / n participantes empleados,encuesta_autorreporte,Encuesta de seguimiento de egresados — módulo ingresos,semestral,evaluacion_final,cuantitativa,pre_post,"sexo, zona, área de formación, tipo de empleo",ODS 8.5,"DANE-GEIH, OIT",OD5877,Referencia SMMLV Colombia 2024: $1.300.000 COP/mes,Evaluaciones de impacto de formación para el empleo — BID,Los ingresos son autodeclarados; posible sub o sobredeclaración. No distingue tipo de empleo.,ES
EMP006,Cambio porcentual en ingresos laborales pre-post intervención (%),Percentage change in labour income pre-post intervention,Variación relativa en el ingreso laboral mensual entre la línea de base (antes del programa) y el seguimiento. Indicador clave para evaluaciones con datos de panel.,resultado,Empleo e ingresos,Ingresos y condiciones laborales,individual,cuantitativo,%,((Ingreso_post − Ingreso_pre) / Ingreso_pre) × 100,encuesta_autorreporte,Encuesta panel de participantes (misma persona en t0 y t1),semestral,todos,cuantitativa,pre_post,"sexo, grupo etario, zona, tipo de programa",ODS 8.5,"J-PAL, IPA, BID Lab",,Impactos típicos en programas activos de empleo: 10–35% incremento (J-PAL meta-análisis),Jóvenes en Acción — evaluación de impacto BID-DNP Colombia,Requiere seguimiento de la misma persona; alta tasa de atrición puede sesgar resultados.,ES
EMP007,Porcentaje de trabajadores con contrato formal y acceso a seguridad social,Percentage of workers with formal contract and social security access,"Proporción de participantes empleados que tienen contrato laboral escrito y afiliación a pensión, salud y riesgos laborales. Indicador de calidad del empleo.",resultado,Empleo e ingresos,Trabajo decente,individual,cuantitativo,%,(Empleados con contrato formal + SS / Total empleados) × 100,encuesta_autorreporte,Encuesta de condiciones laborales / PILA Colombia,anual,todos,cuantitativa,pre_post,"sexo, grupo etario, zona, sector económico, tipo de contrato",ODS 8.3,"DANE-GEIH, Ministerio de Trabajo Colombia, OIT",OD5878,Informalidad laboral Colombia: ~57% (2023),Programa de Formalización Laboral — MTE Colombia,Las personas pueden tener acceso a SS sin contrato formal (independientes cotizantes).,ES
EMP008,Tasa de desempleo de los participantes al final del programa (%),Participant unemployment rate at programme end (%),"Proporción de participantes que, al final del período de intervención, se encuentran desempleados (sin empleo y en búsqueda activa). Indicador de resultado sobre situación laboral.",resultado,Empleo e ingresos,Situación laboral,individual,cuantitativo,%,(Participantes desempleados activos / Total PEA participantes) × 100,encuesta_autorreporte,Encuesta de seguimiento (adaptada de GEIH),semestral,evaluacion_final,cuantitativa,pre_post,"sexo, grupo etario, zona, nivel educativo",ODS 8.5,"DANE-GEIH, OIT",,Tasa desempleo Colombia 2023: ~10–11%,Programas de empleo juvenil — OIT/SENA,PEA puede ser difícil de definir en contextos de informalidad alta.,ES
EMP009,Número de emprendimientos creados o formalizados,Number of businesses created or formalized,"Total de negocios, microempresas o emprendimientos nuevos registrados legalmente o que iniciaron operaciones como resultado del apoyo del programa.",resultado,Empleo e ingresos,Emprendimiento y autoempleo,individual,cuantitativo,n,Σ emprendimientos con registro o comprobante de inicio de operaciones,registro_administrativo,Base de datos de beneficiarios + RUES Colombia,semestral,evaluacion_final,cuantitativa,historico,"sexo, sector económico, zona, tipo (formal/informal)",ODS 8.3,"CCBC, RUES Colombia, OIT",OD5879,,Fondo Emprender SENA / Rutas de Empleo — Colombia,Registro no garantiza supervivencia; muchos emprendimientos cierran en el primer año.,ES
EMP010,Tasa de supervivencia de emprendimientos a 12 meses (%),Business survival rate at 12 months (%),Proporción de emprendimientos creados con apoyo del programa que siguen activos a los 12 meses. Indicador de resultado sobre sostenibilidad del emprendimiento.,resultado,Empleo e ingresos,Emprendimiento y autoempleo,individual,cuantitativo,%,(Emprendimientos activos a 12 meses / Total emprendimientos creados) × 100,encuesta_autorreporte,Encuesta de seguimiento a emprendedores (12 meses post-creación),anual,impacto,cuantitativa,historico,"sexo, sector económico, zona, acceso a crédito",ODS 8.3,"Confecámaras Colombia, OCDE",,Supervivencia 1 año en Colombia: ~55–60%; OCDE: ~65%,iNNpulsa Colombia / Fondo Emprender SENA,Sesgo de supervivencia; los que cierran son más difíciles de localizar para el seguimiento.,ES
EMP011,Incremento en el ingreso del hogar atribuible al programa (COP/USD),Programme-attributable increase in household income,"Cambio neto en el ingreso total del hogar atribuible al programa, descontando deadweight, atribución a otros factores y efectos de desplazamiento. Indicador de impacto económico neto.",impacto,Empleo e ingresos,Bienestar económico del hogar,hogar,cuantitativo,COP,ΔIngreso_hogar × (1 − deadweight) × attribution × (1 − displacement),encuesta_autorreporte,Encuesta de ingresos del hogar (panel) + análisis contrafactual,anual,impacto,cuantitativa,grupo_control,"sexo del jefe de hogar, zona, quintil de ingreso, número de miembros",ODS 1.2,"J-PAL, IPA, BID — evaluaciones de impacto",OD5880,,Jóvenes en Acción — evaluación RCT BID/DNP,Requiere diseño de evaluación riguroso (RCT o cuasi-experimental); difícil de medir sin contrafactual.,ES
EMP012,Reducción de la tasa de pobreza monetaria en la población objetivo (%),Reduction in monetary poverty rate in target population,"Cambio en la proporción de hogares bajo la línea de pobreza monetaria antes y después de la intervención, en la población objetivo. Indicador de impacto sobre bienestar económico.",impacto,Empleo e ingresos,Reducción de la pobreza,hogar,cuantitativo,%,Δ(Hogares bajo LPM / Total hogares) × 100,datos_secundarios,DANE-GEIH / ELPS / encuesta de condiciones de vida,anual,impacto,cuantitativa,grupo_control,"zona, etnia, tipo de hogar, departamento",ODS 1.2,"DANE, DNP Colombia, Banco Mundial",,LPM Colombia per cápita mensual 2023: ~$372.000 COP,Red Unidos / Más Familias en Acción — Colombia,Requiere muestra representativa; sensible a la definición de la línea de pobreza.,ES
EMP013,Experiencia de búsqueda de empleo y barreras percibidas (cualitativo),Job search experience and perceived barriers (qualitative),"Narrativas de participantes sobre su experiencia en el mercado laboral: barreras encontradas (discriminación, falta de experiencia, requisitos), estrategias de búsqueda y expectativas. Complementa datos cuantitativos de inserción.",resultado,Empleo e ingresos,Inserción laboral,individual,cualitativo,n/a,"Análisis temático de entrevistas; categorías: tipos de barrera, estrategias usadas, cambios en percepción de empleabilidad",entrevista,Guía de entrevista semiestructurada (15–45 min),semestral,evaluacion_final,cualitativa,participativo,"sexo, grupo etario, zona, pertenencia a grupo vulnerable",ODS 8.5,OIT — Barreras de Empleo; JPAL — Job Training RCTs,,,Evaluaciones cualitativas — Youth Employment Network,No generalizable estadísticamente; requiere analistas con experiencia en investigación cualitativa.,ES
GEN001,Número de mujeres que participaron en el programa,Number of women participating in the programme,Total de mujeres que se inscribieron y participaron activamente en el programa. Primer indicador de igualdad de género en la cobertura.,producto,Género e igualdad,Empoderamiento de la mujer,individual,cuantitativo,n,Σ participantes mujeres,registro_administrativo,Base de datos de participantes desagregada por sexo,mensual,seguimiento,no_aplica,historico,"grupo etario, zona, etnia, nivel educativo, condición de vulnerabilidad",ODS 5,"ONU Mujeres, CEDAW",PI9460,,Todos los programas con enfoque de género — ONU Mujeres,La participación no implica empoderamiento real; requiere indicadores de resultado complementarios.,ES
GEN002,Brecha de género en la participación del programa (ratio M:H),Gender participation gap in programme (F:M ratio),"Ratio entre el porcentaje de mujeres y hombres participantes en el programa, relativo a su proporción en la población objetivo. Mide la equidad de acceso.",producto,Género e igualdad,Acceso equitativo,sistema,cuantitativo,ratio,(% mujeres participantes / % mujeres en población objetivo) / (% hombres participantes / % hombres en población objetivo),registro_administrativo,Base de datos de participantes + datos censo/DANE,anual,seguimiento,cuantitativa,historico,"zona, etnia, grupo etario",ODS 5.b,"ONU Mujeres, PNUD GII",,Ratio = 1: paridad perfecta; <1: subrepresentación de mujeres,Gender Equality Marker — OCDE/DAC,El ratio no captura calidad de participación ni barreras para acceder.,ES
GEN003,Porcentaje de mujeres con mayor control sobre sus ingresos,Percentage of women with increased control over household income,Proporción de mujeres participantes que reportan tener más decisión sobre el uso de sus ingresos propios o del hogar después del programa. Indicador de empoderamiento económico.,resultado,Género e igualdad,Empoderamiento económico,individual,cuantitativo,%,(Mujeres con mayor control declarado / Total mujeres encuestadas) × 100,encuesta_autorreporte,Women's Empowerment in Agriculture Index (WEAI) — módulo de agencia; o encuesta adaptada,semestral,todos,cuantitativa,pre_post,"grupo etario, zona, nivel educativo, estado civil",ODS 5.a,"ONU Mujeres, WEAI — IFPRI",OD7910,,CARE Women's Economic Empowerment; ONU Mujeres Colombia,Medida de autoreporte; el 'control' puede estar influido por normas sociales que dificultan reconocerlo.,ES
GEN004,"Tasa de prevalencia de violencia basada en género (últimos 12 meses, %)","Prevalence rate of gender-based violence (past 12 months, %)","Proporción de mujeres que reportan haber experimentado algún tipo de violencia (física, psicológica, sexual, económica) por su pareja o ex-pareja en los últimos 12 meses. Indicador de resultado-impacto.",impacto,Género e igualdad,Violencia basada en género,individual,cuantitativo,%,(Mujeres con ≥1 acto de VBG en últimos 12 meses / Total mujeres encuestadas) × 100,encuesta_autorreporte,WHO Multi-Country Study questionnaire / ENVIGMU Colombia (DANE),anual,todos,cuantitativa,pre_post,"tipo de violencia, grupo etario, zona, etnia, nivel educativo",ODS 5.2,"OMS, ONU Mujeres, DANE-ENVIGMU Colombia",OD7911,Colombia: ~34% VBG física/sexual por pareja (ENVIGMU 2019),Programa Entornos Seguros — ONU Mujeres/Colombia,Subnotificación severa; encuesta requiere protocolos de seguridad para las encuestadas; definiciones varían.,ES
GEN005,Porcentaje de mujeres con participación activa en espacios de toma de decisiones comunitarios,Percentage of women actively participating in community decision-making,"Proporción de mujeres que participaron en al menos una reunión, asamblea o espacio de decisión comunitaria en los últimos 3 meses. Indicador de empoderamiento y agencia social.",resultado,Género e igualdad,Liderazgo y participación política,individual,cuantitativo,%,(Mujeres con ≥1 participación en espacio de decisión / Total mujeres encuestadas) × 100,encuesta_autorreporte,Encuesta de participación ciudadana / social,semestral,todos,cuantitativa,pre_post,"grupo etario, zona, nivel educativo, etnia",ODS 5.5,"ONU Mujeres, IPU, PNUD",OD7912,,Programa Mujeres Líderes — ONU Mujeres Colombia,Participar en un espacio no equivale a tener influencia real en las decisiones.,ES
GEN006,Puntaje de agencia de las mujeres (escala validada de empoderamiento),Women's agency score (validated empowerment scale),"Puntaje compuesto en una escala validada de agencia femenina que evalúa capacidad de tomar decisiones, moverse libremente, acceder a recursos y rechazar demandas no deseadas.",resultado,Género e igualdad,Empoderamiento de la mujer,individual,mixto,puntaje,Puntaje WEAI (5 componentes) / adaptación de GS Scores (Gender Score),encuesta_autorreporte,WEAI — Women's Empowerment in Agriculture Index (IFPRI); Women Empowerment Index (USAID),anual,todos,cuantitativa,pre_post,"zona, grupo etario, nivel educativo, tipo de hogar",ODS 5,"IFPRI WEAI, ONU Mujeres, USAID",OD7913,WEAI: puntaje 0–1; 0.8+ = alto empoderamiento,CARE Gender Equity Marker; USAID Women in Development,WEAI fue diseñado para contextos agrícolas; requiere adaptación para contextos urbanos.,ES
GEN007,Testimonios sobre cambios en relaciones de poder y autonomía (cualitativo),Testimonies on changes in power relations and autonomy (qualitative),"Relatos de mujeres participantes sobre cambios en cómo toman decisiones, cómo son tratadas en el hogar y la comunidad, y si sienten mayor control sobre su vida. Captura dimensiones del empoderamiento que las escalas no logran medir.",resultado,Género e igualdad,Empoderamiento de la mujer,individual,cualitativo,n/a,"Análisis de género narrativo; categorías: decisiones sobre cuerpo, movilidad, trabajo, vida familiar",entrevista,"Entrevistas semiestructuradas con guía de género (en privado, por encuestadora mujer)",semestral,evaluacion_final,cualitativa,participativo,"grupo etario, zona, condición (sobreviviente VBG, jefa de hogar, etc.)",ODS 5,ONU Mujeres — Gender-Responsive Evaluation; Most Significant Change,,,CARE Women's Empowerment evaluations,Entorno de confianza es crítico para la honestidad de los testimonios; riesgo de sesgo de complacencia.,ES
GEN008,Porcentaje de carga de trabajo doméstico no remunerado asumida por mujeres (%),Percentage of unpaid domestic work carried by women,"Proporción de las horas de trabajo doméstico no remunerado (cuidado, labores del hogar, crianza) que asumen las mujeres del hogar respecto al total de horas dedicadas por todos los miembros adultos.",impacto,Género e igualdad,Trabajo no remunerado y cuidado,hogar,cuantitativo,%,(Horas trabajo no remunerado mujeres / Horas totales trabajo no remunerado hogar) × 100,encuesta_autorreporte,Encuesta de Uso del Tiempo (ENUT-DANE Colombia),anual,todos,cuantitativa,historico,"zona, nivel educativo, número de hijos, tipo de hogar",ODS 5.4,"DANE-ENUT Colombia, ONU Mujeres",,Colombia: ~75–80% trabajo no remunerado es asumido por mujeres (ENUT 2016–17),Política Nacional de Cuidado — Colombia 2023,Encuesta de Uso del Tiempo es costosa; no se aplica frecuentemente a nivel local.,ES
INF001,Porcentaje de niños registrados con documento de identidad al nacer,Percentage of children registered with identity document at birth,Proporción de nacidos vivos con registro civil (y tarjeta de identidad para mayores de 7 años) emitido. Indicador fundamental de acceso a derechos.,resultado,Infancia y derechos,Registro e identidad,individual,cuantitativo,%,(Niños con registro civil / Nacidos vivos registrados en RUAF) × 100,datos_secundarios,DANE-RUAF / RNEC Colombia,anual,todos,cuantitativa,historico,"zona, etnia, municipio",ODS 16.9,"UNICEF, DANE, RNEC Colombia",,Colombia: ~97% de nacimientos registrados (DANE 2022),Registro Universal al Nacer — UNICEF/RNEC,Existen subregistros en comunidades indígenas y zonas rurales remotas.,ES
INF002,Porcentaje de niños con desarrollo adecuado para su edad (escala EAD / Denver),Percentage of children with age-appropriate development (developmental screener),"Proporción de niños que muestran desarrollo adecuado en las dimensiones cognitiva, motora, comunicación y socio-afectiva para su grupo de edad según tamizaje estandarizado.",resultado,Infancia y derechos,Desarrollo infantil temprano,individual,cuantitativo,%,(Niños con desarrollo adecuado por área / Total niños evaluados en el grupo etario) × 100,observacion_directa,Escala Abreviada de Desarrollo (EAD-1) Colombia / Denver II / ASQ-3,semestral,todos,cuantitativa,pre_post,"grupo etario (0–12m, 13–24m, 25–36m), sexo, zona, área del desarrollo",ODS 4.2,"ICBF Colombia, UNICEF, OPS",OD3951,,De Cero a Siempre / CDI — ICBF Colombia,"Tamizajes detectan riesgo, no diagnóstico; requieren personal capacitado en su aplicación.",ES
INF003,Tasa de trabajo infantil (%),Child labour rate (%),"Proporción de niños de 5–17 años que realizan trabajo infantil (trabajo peligroso o que interfiere con la escolaridad), según definición OIT. Indicador de impacto sobre protección de derechos.",impacto,Infancia y derechos,Protección y trabajo infantil,individual,cuantitativo,%,(Niños 5–17 en trabajo infantil / Total niños 5–17) × 100,datos_secundarios,DANE-ENTI (Encuesta Nacional de Trabajo Infantil) / GEIH módulo trabajo infantil,anual,impacto,cuantitativa,historico,"sexo, grupo etario, zona, rama de actividad",ODS 8.7,"DANE-ENTI, OIT, UNICEF",OD3952,Colombia: ~5.8% trabajo infantil (ENTI 2022); Meta: <1% al 2025,Política Pública de Erradicación del Trabajo Infantil — ICBF,Subregistro en zonas rurales y en trabajo doméstico no remunerado; la ENTI se aplica cada 2–3 años.,ES
INF004,Porcentaje de niños que experimentan prácticas de crianza positiva,Percentage of children experiencing positive parenting practices,Proporción de niños cuyos cuidadores principales reportan usar métodos de disciplina positiva y no violenta. Indicador de resultado en programas de crianza y protección infantil.,resultado,Infancia y derechos,Crianza y cuidado,hogar,cuantitativo,%,(Cuidadores que usan solo disciplina positiva / Total cuidadores encuestados) × 100,encuesta_autorreporte,UNICEF MICS módulo disciplina infantil / Cuestionario de Crianza Parental,semestral,todos,cuantitativa,pre_post,"sexo del cuidador, zona, grupo etario del niño, nivel educativo",ODS 16.2,"UNICEF MICS, Save the Children",,,Crianza con Amor — ICBF Colombia; Positive Parenting Program (Triple P),Alto sesgo de deseabilidad social; los cuidadores evitan reportar prácticas punitivas.,ES
INF005,Número de casos de violencia infantil reportados y atendidos,Number of child abuse cases reported and attended,"Total de casos de violencia física, psicológica, sexual o negligencia hacia niños que fueron reportados al sistema de protección y recibieron atención en el período.",producto,Infancia y derechos,Protección y violencia,individual,cuantitativo,n,Σ casos reportados + Σ casos con atención registrada,registro_administrativo,ICBF SIPOD / Fiscalía / Comisaría de Familia,mensual,seguimiento,no_aplica,historico,"sexo, grupo etario, tipo de violencia, agresor, zona",ODS 16.2,"ICBF Colombia, Save the Children",,,Sistemas de Alerta Temprana ICBF Colombia,"El número de casos reportados puede aumentar por mejora en la denuncia, no necesariamente por más violencia. Subregistro alto.",ES
INF006,Puntaje de bienestar subjetivo de niños y adolescentes,Children's subjective wellbeing score,"Puntaje promedio en escala de bienestar subjetivo adaptada para niños (Children's Worlds / ISCWeB). Mide satisfacción con la vida, relaciones, escuela y hogar desde la perspectiva del propio niño.",resultado,Infancia y derechos,Bienestar infantil,individual,cuantitativo,puntaje,"Puntaje promedio en escala validada (Children's Worlds — 11 ítems, 0–10)",encuesta_autorreporte,Children's Worlds International Survey (ISCWeB) — versión ES validada,anual,todos,cuantitativa,pre_post,"sexo, grupo etario (8–12 / 13–17 años), zona",ODS 3.4,ISCWeB — Rees et al.; UNICEF,,Puntaje global Children's Worlds: ~8.0/10 en promedio internacional,Children's Worlds Colombia — ICBF/Rees,Comprensión de las preguntas varía con la edad; instrumento debe adaptarse a nivel de lectura del niño.,ES
INF007,Porcentaje de niños con seguridad alimentaria en el hogar,Percentage of children in food-secure households,Proporción de niños que viven en hogares clasificados como con seguridad alimentaria (sin restricción en cantidad ni calidad de alimentos) según escala ELCSA.,resultado,Infancia y derechos,Seguridad alimentaria infantil,hogar,cuantitativo,%,(Hogares con niños clasificados ELCSA 'Seguro' / Total hogares con niños) × 100,encuesta_autorreporte,ELCSA — Escala Latinoamericana y Caribeña de Seguridad Alimentaria,semestral,todos,cuantitativa,pre_post,"zona, nivel socioeconómico, jefatura femenina, departamento",ODS 2.1,"FAO ELCSA, ICBF Colombia",,Colombia: ~42% hogares con inseguridad alimentaria leve/moderada/severa (ENSIN 2015),Programa PAE / De Cero a Siempre — ICBF Colombia,"ELCSA mide percepción del hogar, no consumo real; la escala tiene respuestas binarias que pueden perder matices.",ES
INF008,Percepción de las y los niños sobre su participación y ser escuchados (cualitativo),Children's perception of participation and being heard (qualitative),"Testimonios de niños y adolescentes sobre si sienten que sus opiniones son tomadas en cuenta en el hogar, la escuela y la comunidad. Captura la dimensión de agencia infantil.",resultado,Infancia y derechos,Participación infantil,individual,cualitativo,n/a,"Análisis temático de grupos focales con niños; categorías: voz en hogar, escuela, comunidad, programa",grupo_focal,Guía de grupo focal con niños (adaptar lenguaje por edad; máx 8 personas; facilitador entrenado),semestral,evaluacion_final,cualitativa,participativo,"grupo etario (5–9 / 10–14 / 15–17), sexo, zona",ODS 16.7,Convención sobre los Derechos del Niño (CDN) Art. 12; UNICEF,,,Participatory Monitoring with Children — Save the Children,Grupos focales con niños requieren consentimiento de padres y protocolos de salvaguarda; los niños más pequeños necesitan herramientas lúdicas.,ES
ALI001,Puntaje de diversidad alimentaria del hogar (PDAH),Household Dietary Diversity Score (HDDS),Número de grupos de alimentos consumidos por el hogar en las últimas 24 horas. Proxy simple y validado de la calidad nutricional de la dieta.,resultado,Seguridad alimentaria,Diversidad y calidad alimentaria,hogar,cuantitativo,puntaje,Σ grupos de alimentos consumidos (de 12 posibles) en las últimas 24h,encuesta_autorreporte,FANTA HDDS — questionnaire (FAO/USAID),semestral,todos,cuantitativa,pre_post,"zona, nivel socioeconómico, jefatura femenina, temporada",ODS 2.1,"FAO FANTA Guidelines, IFPRI",OD3960,PDAH ≥6 = diversidad adecuada (FAO); promedio comunidades rurales Colombia: ~5–6,Programas de seguridad alimentaria FAO Colombia / MADR,No distingue cantidad ni calidad nutricional específica; sensible al recall de 24h.,ES
ALI002,Puntuación de consumo de alimentos (PCA / FCS),Food Consumption Score (FCS),"Indicador compuesto del PMA que combina frecuencia de consumo (7 días) de 8 grupos de alimentos con pesos nutricionales. Clasifica hogares en consumo 'pobre', 'límite' o 'aceptable'.",resultado,Seguridad alimentaria,Consumo y calidad alimentaria,hogar,cuantitativo,puntaje,Σ (frecuencia de consumo × peso nutricional del grupo) para 8 grupos en 7 días,encuesta_autorreporte,WFP Food Consumption Score questionnaire,semestral,todos,cuantitativa,pre_post,"zona, nivel socioeconómico, etnia, temporada",ODS 2.1,PMA/WFP FCS Technical Guidance,OD3961,FCS <21: pobre; 21–35: límite; >35: aceptable,Monitoreo de seguridad alimentaria — PMA Colombia,El recall de 7 días tiene variación estacional; los pesos nutricionales son fijos y pueden no reflejar contexto local.,ES
ALI003,Escala de inseguridad alimentaria basada en experiencias (FIES),Food Insecurity Experience Scale (FIES),Escala de 8 preguntas (FAO/Gallup) sobre experiencias de inseguridad alimentaria en el hogar durante el último año. Es el indicador oficial del ODS 2.1.2.,resultado,Seguridad alimentaria,Inseguridad alimentaria,individual,cuantitativo,puntaje,Modelo Rasch sobre 8 ítems dicotómicos; produce puntaje y clasifica severidad (leve/moderada/severa),encuesta_autorreporte,"FIES — FAO (módulo de 8 preguntas, validado en español)",anual,todos,cuantitativa,pre_post,"zona, sexo del responsable del hogar, nivel educativo",ODS 2.1,FAO FIES — Ballard et al. (2013),OD3962,"Colombia: ~53% inseguridad alimentaria (FIES 2022, moderada+severa)",Encuesta Nacional de Seguridad Alimentaria — FAO/DANE,Requiere calibración estadística Rasch para comparabilidad; no captura causas.,ES
ALI004,Porcentaje de niños menores de 5 años con desnutrición aguda (SAM/MAM),Percentage of children under 5 with acute malnutrition (SAM/MAM),Proporción de niños menores de 5 años con bajo peso para la talla (< -2 DE para MAM; < -3 DE para SAM). Indicador de emergencia nutricional.,impacto,Seguridad alimentaria,Nutrición infantil,individual,cuantitativo,%,(Niños <5 con P/T < -2 DE / Total niños <5 medidos) × 100,observacion_directa,Balanza + cinta MUAC + tablas WHO + SISVAN,semestral,todos,cuantitativa,pre_post,"sexo, grupo etario, zona, etnia",ODS 2.2,"OMS, UNICEF, ICBF-ENSIN Colombia",OD3963,Umbral de emergencia OMS: >15% desnutrición aguda,CMAM Colombia — MSPS/UNICEF/WFP,Medición puntual no captura estacionalidad; requiere personal entrenado en antropometría.,ES
ALI005,Rendimiento agrícola promedio de cultivos principales (kg/ha),Average crop yield for main crops (kg/ha),Producción media por hectárea de los principales cultivos de los beneficiarios del programa. Indicador de resultado de programas de seguridad alimentaria con enfoque productivo.,resultado,Seguridad alimentaria,Producción agrícola,hogar,cuantitativo,kg/ha,Producción total (kg) / Área sembrada (ha) por cultivo,observacion_directa,Aforo de cosecha / encuesta de producción agrícola,anual,todos,cuantitativa,pre_post,"tipo de cultivo, zona, acceso a riego, uso de semilla mejorada",ODS 2.3,"FAO, MADR Colombia, UPRA",,Colombia maíz: ~2–3 t/ha; papa: ~20–25 t/ha; arroz: ~6–7 t/ha,Programa PESA-FAO Colombia / Agricultura Familiar MADR,Alta variabilidad por condiciones climáticas y de suelo; el aforo requiere visita de campo.,ES
MA001,Hectáreas restauradas o reforestadas,Hectares restored or reforested,Total de hectáreas intervenidas con acciones de restauración ecológica o reforestación en el período. Indicador de producto de programas de restauración ambiental.,producto,Medio ambiente,Restauración de ecosistemas,sistema,cuantitativo,ha,Σ hectáreas con plantación establecida o restauración activa,observacion_directa,Verificación de campo + mapas satelitales (Sentinel/Planet),anual,seguimiento,cuantitativa,historico,"tipo de ecosistema, especie plantada, zona, cuenca hidrográfica",ODS 15.2,"MADS Colombia, IAVH, FAO",OD7901,Meta Bosques y Biodiversidad Colombia: 180.000 ha/año restauradas,Acuerdo Climático Colombia — Restauración Nacional,Área plantada no garantiza supervivencia de árboles (requiere monitoreo a 3–5 años).,ES
MA002,Toneladas de CO2 equivalente reducidas o capturadas,Tonnes of CO2 equivalent reduced or sequestered,"Reducción neta de emisiones de GEI (mitigación) o absorción de carbono (secuestro) atribuibles al programa, en toneladas de CO2 equivalente.",impacto,Medio ambiente,Cambio climático y mitigación,sistema,cuantitativo,tCO2e,Emisiones_BAU − Emisiones_con_proyecto (metodología IPCC o Gold Standard),revision_documental,Inventario de GEI + modelos de carbono (IPCC Tier 2); verificación Gold Standard / VCS,anual,impacto,cuantitativa,historico,"fuente de emisión, actividad del programa, tipo de GEI",ODS 13.2,"IPCC, Gold Standard, VCS Verra, IDEAM Colombia",OD7902,Precio sombra carbono Colombia: USD 5–15/tCO2e (mercado voluntario 2023),Proyectos REDD+ Colombia / Fondo Acción,El cálculo requiere modelación especializada; el carbono secuestrado puede revertirse (riesgo de reversión).,ES
MA003,Porcentaje de hogares que adoptan prácticas de gestión sostenible de residuos,Percentage of households adopting sustainable waste management practices,"Proporción de hogares que separan residuos en la fuente, hacen compostaje o reducen residuos sólidos como resultado del programa.",resultado,Medio ambiente,Residuos sólidos,hogar,cuantitativo,%,(Hogares con práctica verificada de separación o compostaje / Total hogares) × 100,observacion_directa,Visita domiciliaria + lista de chequeo de prácticas,semestral,todos,cuantitativa,pre_post,"zona, tipo de práctica, nivel educativo",ODS 12.5,"MADS Colombia, ONU Ambiente",,,Basura Cero — Alcaldía Bogotá / programas comunitarios,La observación puede generar el efecto Hawthorne; la práctica puede no ser sostenida.,ES
MA004,Porcentaje de comunidades con acceso a agua potable de calidad,Percentage of communities with access to quality drinking water,"Proporción de comunidades donde las fuentes de agua usadas para consumo cumplen estándares mínimos de calidad (ausencia de E. coli, turbidez aceptable). Indicador de resultado en WASH y salud ambiental.",resultado,Medio ambiente,Agua y saneamiento,comunidad,cuantitativo,%,(Comunidades con agua de calidad / Total comunidades intervenidas) × 100,observacion_directa,Muestras de agua + kit de prueba microbiológica + IRCA (Colombia),semestral,todos,cuantitativa,pre_post,"fuente de agua, zona, municipio, temporada (lluvia/seca)",ODS 6.1,"MAVDT/MADS Colombia, SIVICAP-INS, OPS",OD7903,Meta ODS 6.1: acceso universal a agua potable gestionada de forma segura al 2030,Programa Agua Para la Prosperidad — MinVivienda Colombia,"La calidad del agua varía estacionalmente; el IRCA mide puntualmente, no de forma continua.",ES
MA005,Percepción comunitaria de cambios en el entorno ambiental (cualitativo),Community perception of environmental changes (qualitative),"Relatos de comunidades sobre cambios observados en el estado del ambiente local (ríos, bosques, suelo, aire) antes y después del programa. Captura conocimiento ecológico local.",resultado,Medio ambiente,Gestión ambiental comunitaria,comunidad,cualitativo,n/a,Mapeo participativo de recursos + análisis de cambio ambiental percibido por la comunidad,participativo,Mapa de recursos naturales comunitario + grupo focal (10–15 personas),anual,evaluacion_final,cualitativa,participativo,"género, generación (adultos vs. jóvenes), vereda/barrio",ODS 15.1,"FAO NRSA, IIED Participatory Learning and Action",,,Monitoreo comunitario de biodiversidad — WWF Colombia,La percepción puede diferir de las mediciones técnicas; sesgos por narrativas dominantes en la comunidad.,ES
GOB001,Número de personas capacitadas en participación ciudadana y derechos,Number of people trained in civic participation and rights,"Total de ciudadanos que completaron procesos de formación en derechos, mecanismos de participación (veeduría, control social, consulta previa) en el período.",producto,Gobernanza,Capacitación ciudadana,individual,cuantitativo,n,Σ participantes que completaron ≥1 módulo de formación ciudadana,registro_administrativo,Lista de asistencia + pre-post prueba de conocimientos,semestral,seguimiento,no_aplica,historico,"sexo, grupo etario, zona, etnia",ODS 16.7,"DNP Colombia, Transparencia Internacional",,,Escuelas de Gobierno — DNP / DAP Colombia,La capacitación no garantiza participación efectiva posterior.,ES
GOB002,Porcentaje de ciudadanos que reportan confianza en instituciones públicas,Percentage of citizens reporting trust in public institutions,"Proporción de ciudadanos que tienen confianza en al menos 3 instituciones públicas clave (alcaldía, consejo, policía, justicia). Indicador de resultado sobre capital institucional.",resultado,Gobernanza,Confianza institucional,individual,cuantitativo,%,(Ciudadanos con confianza en ≥3 instituciones / Total encuestados) × 100,encuesta_autorreporte,Encuesta de Cultura Política (DANE) / Latinobarómetro / encuesta de percepción local,anual,todos,cuantitativa,pre_post,"sexo, zona, grupo etario, nivel educativo",ODS 16.6,"DANE Cultura Política, Latinobarómetro, Observatorio Democracia",,Colombia: ~21% confianza en instituciones (Latinobarómetro 2023),Confianza Ciudadana — Alcaldía Bogotá,La confianza es multidimensional y volátil; un evento puntual puede alterarla significativamente.,ES
GOB003,Porcentaje de presupuesto público ejecutado con participación ciudadana,Percentage of public budget executed with citizen participation,"Proporción del presupuesto de inversión municipal o departamental que fue priorizado o monitoreado con mecanismos de participación ciudadana (presupuesto participativo, cabildos).",resultado,Gobernanza,Transparencia y rendición de cuentas,sistema,cuantitativo,%,(Presupuesto con participación ciudadana / Presupuesto total de inversión) × 100,revision_documental,POT / POAI / informes de presupuesto participativo,anual,impacto,cuantitativa,historico,"sector de inversión (salud, educación, vías), municipio",ODS 16.6,"DNP Colombia, Contraloría General",,,Presupuesto Participativo Medellín / Bogotá,La 'participación' puede ser formal sin influencia real en las decisiones de asignación.,ES
GOB004,Índice de Transparencia Municipal (ITM) — puntaje,Municipal Transparency Index — score,"Puntaje compuesto que mide la transparencia, control institucional y sanción a la corrupción en municipios colombianos (0–100). Indicador de impacto sobre gobernanza local.",impacto,Gobernanza,Transparencia y anticorrupción,sistema,cuantitativo,puntaje,"Puntaje ITM Transparencia por Colombia (componentes: visibilidad, institucionalidad, control y sanción)",datos_secundarios,Índice de Transparencia de las Entidades Públicas — Transparencia por Colombia,anual,impacto,cuantitativa,historico,"municipio, departamento, categoría de riesgo",ODS 16.6,Transparencia por Colombia,,ITM: 0–100; <40 = riesgo alto; >70 = nivel medio; >85 = bajo riesgo,Transparencia por Colombia — ITM 2022–2023,"El ITM mide normas e instituciones, no corrupción real. Publicación bienal.",ES
GOB005,Narrativas sobre cambios en la participación comunitaria en decisiones locales (cualitativo),Narratives on changes in community participation in local decisions (qualitative),"Relatos de líderes comunitarios y ciudadanos sobre si sienten que tienen más voz en las decisiones que les afectan, y qué cambios concretos lograron a través de la participación.",resultado,Gobernanza,Participación ciudadana,comunidad,cualitativo,n/a,Most Significant Change (MSC): recolectar historias de cambio + triangulación con líderes,entrevista,Protocolo MSC (Davies & Dart) + entrevistas a líderes comunitarios,anual,evaluacion_final,cualitativa,participativo,"sexo, zona, grupo (líderes / ciudadanos comunes / autoridades)",ODS 16.7,Davies & Dart (2005) — MSC Guide,,,Evaluaciones de gobernanza — GIZ Colombia,La selección de historias puede estar sesgada hacia los resultados más visibles.,ES
DE001,Índice de Pobreza Multidimensional (IPM) de la población beneficiaria,Multidimensional Poverty Index (MPI) of beneficiary population,"Proporción de privaciones en 5 dimensiones (educación, niñez, trabajo, salud, vivienda) de los hogares beneficiarios. Indicador de impacto multidimensional sobre el bienestar.",impacto,Desarrollo económico,Pobreza multidimensional,hogar,cuantitativo,índice,IPM = Incidencia (H) × Intensidad (A); privación si ≥33% de las 15 dimensiones ponderadas,encuesta_autorreporte,"DANE-ENCV / Módulo IPM Colombia (15 indicadores, 5 dimensiones)",anual,impacto,cuantitativa,pre_post,"zona, etnia, región, tipo de hogar",ODS 1.2,"DANE-IPM Colombia, OPHI-Oxford, PNUD",,Colombia IPM 2022: ~12.9% (urbano: 7.7%; rural: 29.5%),Red Unidos / SISBEN — DNP Colombia,El IPM no captura profundidad de las privaciones; las dimensiones son binarias.,ES
DE002,Coeficiente de Gini de los ingresos de la comunidad intervenida,Gini coefficient of household incomes in target community,Medida de desigualdad en la distribución de ingresos dentro de la población beneficiaria (0 = perfecta igualdad; 1 = máxima desigualdad). Indicador de impacto sobre equidad económica.,impacto,Desarrollo económico,Desigualdad e inequidad,sistema,cuantitativo,índice,Coeficiente de Gini calculado sobre distribución de ingresos del hogar,encuesta_autorreporte,DANE-GEIH / encuesta de ingresos del hogar,anual,impacto,cuantitativa,historico,"zona, región, grupo étnico",ODS 10.1,"DANE, Banco Mundial",,Colombia Gini 2022: 0.54 (uno de los más altos de América Latina); OCDE promedio: 0.31,"Evaluaciones de programas de inclusión económica — BID, PNUD",El Gini requiere muestras grandes y representativas; muy sensible a ingresos extremos.,ES
DE003,Ingreso per cápita del hogar (COP/mes),Household per capita income (local currency/month),Ingreso total mensual del hogar dividido por el número de miembros. Indicador de resultado económico que permite seguimiento a nivel de hogar.,resultado,Desarrollo económico,Ingresos del hogar,hogar,cuantitativo,COP,Ingreso total hogar (mes) / Número de miembros,encuesta_autorreporte,Módulo de ingresos DANE-GEIH / encuesta de hogares del programa,semestral,todos,cuantitativa,pre_post,"zona, tipo de fuente de ingreso (laboral, transferencias, autoconsumo), jefatura femenina",ODS 1.1,"DANE-GEIH, Banco Mundial",OD5890,Línea pobreza extrema per cápita Colombia 2023: ~$180.000 COP/mes,Encuestas de hogares — Banco Mundial / BID evaluaciones,Ingresos son sensibles al período de referencia; las transferencias y el autoconsumo son difíciles de valorar.,ES
VIV001,Número de viviendas mejoradas o construidas,Number of housing units improved or constructed,Total de soluciones de vivienda (mejoramiento o construcción nueva) completadas en el período por el programa.,producto,Vivienda,Acceso a vivienda digna,hogar,cuantitativo,n,Σ soluciones de vivienda con acta de entrega,registro_administrativo,Base de datos de beneficiarios + acta de entrega,semestral,seguimiento,no_aplica,historico,"tipo de solución (mejora/nueva), zona, tipo de hogar, municipio",ODS 11.1,"MinVivienda Colombia, DANE",PI9470,Déficit habitacional Colombia 2022: ~3.1 millones de hogares,Subsidio Familiar de Vivienda — MinVivienda Colombia,Número de soluciones no garantiza adecuación cultural o calidad de la construcción.,ES
VIV002,Porcentaje de hogares en déficit habitacional cuantitativo,Percentage of households in quantitative housing deficit,"Proporción de hogares que requieren una unidad de vivienda nueva por cohabitación excesiva o habitación en vivienda no apta (refugio, cambuche, etc.).",resultado,Vivienda,Déficit habitacional,hogar,cuantitativo,%,(Hogares en déficit cuantitativo / Total hogares) × 100,datos_secundarios,DANE-CNPV / ECV / SISBEN,anual,todos,cuantitativa,historico,"zona, municipio, tipo de déficit, jefatura femenina",ODS 11.1,"DANE, MinVivienda Colombia",,Colombia: ~9.7% déficit cuantitativo (CNPV 2018),Política de Vivienda — DNP/MinVivienda Colombia,Los censos son decenales; el déficit puede cambiar rápidamente por movimientos de población.,ES
VIV003,"Porcentaje de hogares con acceso a servicios básicos (agua, alcantarillado, energía)",Percentage of households with access to basic services,"Proporción de hogares con acceso simultáneo a agua potable por red, sistema de alcantarillado y energía eléctrica. Indicador compuesto de hábitat digno.",resultado,Vivienda,Servicios públicos domiciliarios,hogar,cuantitativo,%,(Hogares con los 3 servicios / Total hogares) × 100,datos_secundarios,DANE-ENCV / ECV / SUI (SSPD Colombia),anual,todos,cuantitativa,pre_post,"zona, municipio, estrato socioeconómico",ODS 11.1,"DANE, SSPD Colombia",,"Colombia: ~90% cobertura agua, ~87% alcantarillado, ~97% energía (urbano, 2022)",Plan Departamental de Agua — MinVivienda Colombia,El acceso no implica continuidad ni calidad del servicio.,ES
VIV004,Percepción de seguridad y dignidad en el espacio habitacional (cualitativo),Perception of safety and dignity in living space (qualitative),"Relatos de los hogares sobre cómo el mejoramiento de su vivienda cambió su sensación de seguridad, privacidad, bienestar familiar y dignidad. Captura dimensiones que los indicadores físicos no revelan.",resultado,Vivienda,Bienestar y dignidad habitacional,hogar,cualitativo,n/a,"Análisis temático de entrevistas; categorías: seguridad, privacidad, orgullo, salud percibida, relaciones familiares",entrevista,Guía de entrevista semi-estructurada en el hogar,semestral,evaluacion_final,cualitativa,participativo,"sexo del jefe de hogar, número de miembros, zona",ODS 11.1,Habitat for Humanity Impact Framework; ONU-Hábitat,,,Techo para mi País — Evaluaciones cualitativas,El bienestar habitacional es muy subjetivo y cultural; comparación entre comunidades difícil.,ES
FIN001,Porcentaje de personas con cuenta financiera activa,Percentage of people with active financial account,"Proporción de adultos (18+) que tienen al menos una cuenta en institución financiera formal (banco, cooperativa, billetera digital) con al menos una transacción en los últimos 3 meses.",resultado,Inclusión financiera,Acceso a productos financieros,individual,cuantitativo,%,(Adultos con cuenta financiera activa / Total adultos) × 100,datos_secundarios,Global Findex (Banco Mundial) / Encuesta Banca de Oportunidades Colombia,anual,todos,cuantitativa,historico,"sexo, zona, grupo etario, nivel educativo, quintil de ingresos",ODS 8.10,"Banco Mundial Global Findex, Banca de Oportunidades Colombia",OD5895,Colombia: ~91% con cuenta (2022 Findex); brecha rural: ~80%,Banca de Oportunidades / Daviplata — Colombia,Tener cuenta no implica uso activo; las billeteras digitales pueden tener bajas transacciones.,ES
FIN002,Porcentaje de MIPYME con acceso a crédito formal,Percentage of SMEs with access to formal credit,"Proporción de micro, pequeñas y medianas empresas que obtuvieron al menos un crédito de una entidad financiera formal en los últimos 12 meses.",resultado,Inclusión financiera,Financiamiento a empresas,individual,cuantitativo,%,(MIPYME con crédito formal / Total MIPYME encuestadas) × 100,datos_secundarios,DANE-EAM / encuesta MIPYME / Asobancaria Colombia,anual,todos,cuantitativa,historico,"tamaño (micro/pequeña/mediana), sector económico, zona, sexo del propietario",ODS 8.10,"Asobancaria, BancoMundial, Banca de Oportunidades",,Brecha de financiamiento MIPYME Colombia: ~USD 10 mil millones,Garantías iNNpulsa / Fondo Nacional de Garantías Colombia,Las MIPYME informales no están en los registros; sesgo hacia empresas más formalizadas.,ES
FIN003,Número de personas que acceden a microseguros o protección financiera básica,Number of people accessing microinsurance or basic financial protection,"Total de personas de bajos ingresos que adquirieron o renovaron un producto de microseguro (vida, salud, agrícola, catástrofe) como resultado del programa.",resultado,Inclusión financiera,Gestión del riesgo financiero,individual,cuantitativo,n,Σ pólizas de microseguro activas entre beneficiarios del programa,registro_administrativo,Datos del asegurador + registros del programa,semestral,seguimiento,cuantitativa,historico,"sexo, zona, tipo de microseguro, nivel de ingreso",ODS 8.10,"IAIS, Microinsurance Network, Fasecolda Colombia",,,Seguro de Vida Colectivo — Bancamía / Fundación BBVA,La tenencia de un seguro no implica que el titular lo comprenda o lo use en caso de siniestro.,ES
PAZ001,Número de personas desmovilizadas o reincorporadas atendidas por el programa,Number of demobilized / reintegrated persons attended by programme,Total de excombatientes o personas en proceso de reintegración que participaron activamente en el programa de construcción de paz en el período.,producto,Paz y reconciliación,Reintegración y DDR,individual,cuantitativo,n,Σ personas en proceso de reintegración con participación activa,registro_administrativo,ARN Colombia — Sistema de información de reintegración,trimestral,seguimiento,no_aplica,historico,"sexo, grupo etario, grupo armado de procedencia, municipio",ODS 16.1,"ARN Colombia, UNODC",,,Ruta de Reintegración — ARN Colombia,Las definiciones de 'activo' en el proceso varían; riesgo de subregistro por movilidad.,ES
PAZ002,Tasa de homicidios por 100.000 habitantes en la zona de intervención,"Homicide rate per 100,000 inhabitants in intervention area",Número de homicidios por cada 100.000 habitantes en el territorio de intervención del programa. Indicador de impacto sobre seguridad y violencia.,impacto,Paz y reconciliación,Seguridad y violencia,sistema,cuantitativo,tasa,(Homicidios / Población) × 100.000,datos_secundarios,INMLCF Colombia / Policía Nacional / SIEDCO,anual,impacto,cuantitativa,historico,"sexo, grupo etario, municipio, zona",ODS 16.1,"INMLCF, Policía Nacional Colombia, OEA",,Colombia 2022: ~26 por 100.000 (promedio nacional; ciudades como Cali superan 50),Programa Integral de Seguridad Ciudadana — PNUD/Colombia,"La tasa de homicidios puede verse afectada por cambios en el registro policial, no solo cambios reales.",ES
PAZ003,Índice de cohesión social comunitaria (escala validada),Community social cohesion index (validated scale),"Puntaje compuesto que mide confianza entre vecinos, redes de apoyo, reciprocidad y sentido de pertenencia a la comunidad. Indicador de resultado en programas de paz y convivencia.",resultado,Paz y reconciliación,Tejido social y convivencia,comunidad,mixto,puntaje,"Puntaje promedio en escala de cohesión social (5–7 ítems tipo Likert, 1–5)",encuesta_autorreporte,Escala de Cohesión Social (UNDP Social Cohesion Index) / adaptación local,anual,todos,cuantitativa,pre_post,"sexo, etnia, zona, condición (receptor de comunidad / retornado / reintegrado)",ODS 16.1,"PNUD, UNDP Social Cohesion Framework",,,Reconciliación Colombia — PNUD/Gobierno Colombia,La cohesión social varía significativamente por el contexto histórico del conflicto; difícil de comparar entre comunidades.,ES
PAZ004,Testimonios de reconciliación y cambios en la relación con el 'otro' (cualitativo),Testimonies of reconciliation and changes in relations with 'the other' (qualitative),"Relatos de personas de grupos históricamente enfrentados (excombatientes, víctimas, comunidades receptoras) sobre cambios en cómo se relacionan, confían y construyen futuro en conjunto.",resultado,Paz y reconciliación,Reconciliación y construcción de paz,individual,cualitativo,n/a,Historias de cambio más significativo (MSC) + análisis de narrativas de reconciliación,entrevista,Entrevistas a profundidad individuales (60–90 min) con protocolo de seguridad y trauma,anual,evaluacion_final,cualitativa,participativo,"condición (víctima/excombatiente/receptor), sexo, zona",ODS 16.1,International Alert — Reconciliation Framework; ICTJ,,,Colombia Renace — Cruz Roja / Reconciliación Colombia,Estas conversaciones requieren entrevistadores con formación en trauma; los participantes pueden autocensurarse por seguridad.,ES
CS001,"Número de redes, asociaciones u organizaciones comunitarias fortalecidas","Number of community networks, associations or organizations strengthened","Total de organizaciones de base (JAC, asociaciones productivas, colectivos culturales) que mejoraron su capacidad organizativa como resultado del acompañamiento del programa.",resultado,Capital social,Organizaciones de base,comunidad,cuantitativo,n,Σ organizaciones con diagnóstico de capacidad mejorada (pre-post OCA o equivalente),revision_documental,Organizational Capacity Assessment (OCA) — ICAP/USAID; o equivalente adaptado,anual,todos,cuantitativa,pre_post,"tipo de organización, zona, municipio, sexo del liderazgo",ODS 11.3,"ICAP OCA Tool, USAID",,,Programa de Fortalecimiento de Organizaciones Sociales — Mininterior Colombia,La OCA es subjetiva y puede inflarse por expectativas de financiamiento continuado.,ES
CS002,Nivel de capital social de la comunidad (índice compuesto),Community social capital level (composite index),"Índice compuesto que mide confianza interpersonal, participación en grupos, reciprocidad y acceso a redes de apoyo. Captura el tejido social como activo comunitario.",resultado,Capital social,Capital social y redes,comunidad,mixto,puntaje,"Promedio de puntajes estandarizados en: confianza, redes, reciprocidad, acción colectiva (World Bank Social Capital Assessment Tool — SOCAT)",encuesta_autorreporte,SOCAT (Banco Mundial) / versión abreviada ICS Social Capital Questionnaire,anual,todos,cuantitativa,pre_post,"sexo, grupo etario, zona, etnia",ODS 11.3,"Banco Mundial SOCAT, Putnam (2000)",,,Proyectos de desarrollo comunitario — Banco Mundial / PNUD,El capital social es un concepto multidimensional; diferentes culturas valoran el 'buen tejido social' de manera distinta.,ES
CS003,Porcentaje de personas que reportan sentido de pertenencia a su comunidad,Percentage of people reporting sense of community belonging,Proporción de participantes que afirman sentirse parte activa de su comunidad y que sus vecinos se ayudan mutuamente. Indicador de capital social bonding.,resultado,Capital social,Cohesión e identidad comunitaria,individual,cuantitativo,%,(Personas con puntaje ≥4 en escala de pertenencia / Total encuestados) × 100,encuesta_autorreporte,Encuesta de Percepción Ciudadana / Brevísima escala de pertenencia (3 ítems),anual,todos,cuantitativa,pre_post,"sexo, grupo etario, tiempo de residencia, zona",ODS 11.3,Measuring the Good Society — Stiglitz et al.; ONU-Hábitat,,,Cultura Ciudadana — Medellín / Bogotá,El sentido de pertenencia puede cambiar rápido ante eventos de conflicto o crisis; muy sensible a noticias recientes.,ES
SM001,Puntaje en escala de resiliencia (Connor-Davidson o BRCS),Resilience scale score (Connor-Davidson or BRCS),Puntaje en una escala validada de resiliencia psicológica. Mide la capacidad de las personas para recuperarse de adversidades. Indicador de resultado en programas psicosociales.,resultado,Salud mental,Resiliencia psicosocial,individual,cuantitativo,puntaje,"Puntaje total CD-RISC (25 ítems, 0–100) o BRCS (4 ítems, 4–20)",encuesta_autorreporte,"CD-RISC (Connor & Davidson, 2003) / BRCS (versión breve) — validados en español",semestral,todos,cuantitativa,pre_post,"sexo, grupo etario, condición de víctima, zona",ODS 3.4,Connor & Davidson (2003); Friborg et al. (2003),,CD-RISC: promedio población general: ~65/100; grupos traumatizados: ~55/100,"Programas de apoyo psicosocial — Cruz Roja, MSF Colombia",El CD-RISC es largo (25 ítems); los BRCS son menos sensibles al cambio.,ES
SM002,Puntaje en escala GAD-7 (ansiedad generalizada) pre-post,GAD-7 generalized anxiety score pre-post intervention,Cambio en el puntaje del Generalized Anxiety Disorder 7-item scale entre la evaluación inicial y el seguimiento. Mide reducción de síntomas de ansiedad.,resultado,Salud mental,Trastornos de ansiedad,individual,cuantitativo,puntaje,ΔGAD-7 = Puntaje inicial − Puntaje final (reducción = mejora),encuesta_autorreporte,"GAD-7 (Spitzer et al., 2006) — validado en español colombiano",semestral,todos,cuantitativa,pre_post,"sexo, grupo etario, tipo de intervención, severidad inicial",ODS 3.4,Spitzer et al. (2006); García-Campayo et al. validación ES,,MCID GAD-7: Δ≥4 puntos; remisión: GAD-7 <5,Programas de salud mental — MSPS / EPS Colombia,Puede confundirse con síntomas somáticos; requiere alfabetismo básico.,ES
INN001,Número de soluciones o prototipos desarrollados por los participantes,Number of solutions or prototypes developed by participants,"Total de soluciones prototipadas (productos, servicios, procesos) que surgieron de los participantes del programa de innovación o emprendimiento social.",producto,Innovación,Emprendimiento e innovación social,individual,cuantitativo,n,Σ prototipos o soluciones documentadas con ficha técnica,registro_administrativo,Ficha de registro de prototipo / portafolio del participante,semestral,seguimiento,no_aplica,historico,"tipo de solución, sector de aplicación, sexo del emprendedor",ODS 9.b,"iNNpulsa Colombia, ANDE (Aspen Network)",,,Reto Innova Colombia — iNNpulsa / MCIT,El número de prototipos no garantiza viabilidad comercial o impacto social.,ES
INN002,Porcentaje de emprendedores que aplican metodologías de diseño centrado en el usuario,Percentage of entrepreneurs applying human-centred design methods,"Proporción de participantes que, después del programa, reportan aplicar al menos una metodología de design thinking o diseño centrado en el usuario en sus proyectos.",resultado,Innovación,Capacidades de innovación,individual,cuantitativo,%,(Emprendedores con uso confirmado de HCD / Total participantes) × 100,encuesta_autorreporte,Encuesta de seguimiento de prácticas de innovación (post-programa),semestral,evaluacion_final,cuantitativa,pre_post,"sexo, zona, sector de aplicación, nivel educativo",ODS 9.b,"IDEO.org, Nesta UK",,,Centro de Innovación Social — EAFIT / iNNpulsa,El autoreporte de uso de metodologías puede no reflejar correcta aplicación.,ES
